threshold,Accuracy,Precision,Recall,F1,ROC-AUC,cv_f1_mean,cv_f1_std
0.5,0.87816261360845,0.8146759507230852,0.9102333931777379,0.8598078010175241,0.9620930996076866,0.8541198555041456,0.001712114863573149
